processes,run,visited,levels,comm_time,exec_time
1,1,600493,33,0.000690,0.063199
1,2,600493,33,0.000734,0.079811
1,3,600493,33,0.000934,0.097372
2,1,600493,33,0.009996,0.073876
2,2,600493,33,0.006500,0.053001
2,3,600493,33,0.007119,0.056833
4,1,600493,33,0.015862,0.057809
4,2,600493,33,0.024788,0.076821
4,3,600493,33,0.012140,0.060222
8,1,600493,33,0.035437,0.080231
8,2,600493,33,0.026976,0.063944
8,3,600493,33,0.033404,0.093018
16,1,600493,33,0.708423,0.797214
16,2,600493,33,1.041198,1.143633
16,3,600493,33,0.137649,0.207969
