workload,nodes,edges,visited,workers,openmp_median,mpi_median
50k,50000,14151,5,1,0.000054,0.000047
50k,50000,14151,5,2,0.000188,0.000088
50k,50000,14151,5,4,0.000319,0.000103
50k,50000,14151,5,8,0.027899,0.000293
100k,100000,55851,7,1,0.000055,0.000093
100k,100000,55851,7,2,0.000310,0.000129
100k,100000,55851,7,4,0.000842,0.000174
100k,100000,55851,7,8,0.004775,0.000332
250k,249999,354404,90,1,0.000240,0.000348
250k,249999,354404,90,2,0.000436,0.000399
250k,249999,354404,90,4,0.017252,0.000611
250k,249999,354404,90,8,0.012964,0.001042
500k,500000,1430473,128201,1,0.010025,0.006804
500k,500000,1430473,128201,2,0.029873,0.015201
500k,500000,1430473,128201,4,0.080843,0.015687
500k,500000,1430473,128201,8,0.124456,0.028859
full,875713,4563235,538959,1,0.073011,0.048647
full,875713,4563235,538959,2,0.125340,0.036649
full,875713,4563235,538959,4,0.296424,0.038880
full,875713,4563235,538959,8,0.633817,0.069342
