program,workload,workers,run,nodes,edges,visited,exec_time
openmp,50k,1,1,50000,14151,5,0.000065
mpi,50k,1,1,50000,14151,5,0.000047
openmp,50k,1,2,50000,14151,5,0.000037
mpi,50k,1,2,50000,14151,5,0.000076
openmp,50k,1,3,50000,14151,5,0.000054
mpi,50k,1,3,50000,14151,5,0.000045
openmp,50k,2,1,50000,14151,5,0.000188
mpi,50k,2,1,50000,14151,5,0.000089
openmp,50k,2,2,50000,14151,5,0.000178
mpi,50k,2,2,50000,14151,5,0.000086
openmp,50k,2,3,50000,14151,5,0.000192
mpi,50k,2,3,50000,14151,5,0.000088
openmp,50k,4,1,50000,14151,5,0.000252
mpi,50k,4,1,50000,14151,5,0.000092
openmp,50k,4,2,50000,14151,5,0.000365
mpi,50k,4,2,50000,14151,5,0.000103
openmp,50k,4,3,50000,14151,5,0.000319
mpi,50k,4,3,50000,14151,5,0.000127
openmp,50k,8,1,50000,14151,5,0.027899
mpi,50k,8,1,50000,14151,5,0.009742
openmp,50k,8,2,50000,14151,5,0.038181
mpi,50k,8,2,50000,14151,5,0.000293
openmp,50k,8,3,50000,14151,5,0.003044
mpi,50k,8,3,50000,14151,5,0.000158
openmp,100k,1,1,100000,55851,7,0.000055
mpi,100k,1,1,100000,55851,7,0.000093
openmp,100k,1,2,100000,55851,7,0.000049
mpi,100k,1,2,100000,55851,7,0.000102
openmp,100k,1,3,100000,55851,7,0.000055
mpi,100k,1,3,100000,55851,7,0.000083
openmp,100k,2,1,100000,55851,7,0.000319
mpi,100k,2,1,100000,55851,7,0.000128
openmp,100k,2,2,100000,55851,7,0.000310
mpi,100k,2,2,100000,55851,7,0.000140
openmp,100k,2,3,100000,55851,7,0.000250
mpi,100k,2,3,100000,55851,7,0.000129
openmp,100k,4,1,100000,55851,7,0.010884
mpi,100k,4,1,100000,55851,7,0.000128
openmp,100k,4,2,100000,55851,7,0.000842
mpi,100k,4,2,100000,55851,7,0.000174
openmp,100k,4,3,100000,55851,7,0.000241
mpi,100k,4,3,100000,55851,7,0.000177
openmp,100k,8,1,100000,55851,7,0.059501
mpi,100k,8,1,100000,55851,7,0.000332
openmp,100k,8,2,100000,55851,7,0.004775
mpi,100k,8,2,100000,55851,7,0.000319
openmp,100k,8,3,100000,55851,7,0.000370
mpi,100k,8,3,100000,55851,7,0.000522
openmp,250k,1,1,249999,354404,90,0.000240
mpi,250k,1,1,249999,354404,90,0.000346
openmp,250k,1,2,249999,354404,90,0.000244
mpi,250k,1,2,249999,354404,90,0.000349
openmp,250k,1,3,249999,354404,90,0.000184
mpi,250k,1,3,249999,354404,90,0.000348
openmp,250k,2,1,249999,354404,90,0.000436
mpi,250k,2,1,249999,354404,90,0.000399
openmp,250k,2,2,249999,354404,90,0.000452
mpi,250k,2,2,249999,354404,90,0.000392
openmp,250k,2,3,249999,354404,90,0.000414
mpi,250k,2,3,249999,354404,90,0.000400
openmp,250k,4,1,249999,354404,90,0.024099
mpi,250k,4,1,249999,354404,90,0.001032
openmp,250k,4,2,249999,354404,90,0.000535
mpi,250k,4,2,249999,354404,90,0.000611
openmp,250k,4,3,249999,354404,90,0.017252
mpi,250k,4,3,249999,354404,90,0.000529
openmp,250k,8,1,249999,354404,90,0.079611
mpi,250k,8,1,249999,354404,90,0.001096
openmp,250k,8,2,249999,354404,90,0.006704
mpi,250k,8,2,249999,354404,90,0.001042
openmp,250k,8,3,249999,354404,90,0.012964
mpi,250k,8,3,249999,354404,90,0.000948
openmp,500k,1,1,500000,1430473,128201,0.009682
mpi,500k,1,1,500000,1430473,128201,0.006804
openmp,500k,1,2,500000,1430473,128201,0.011297
mpi,500k,1,2,500000,1430473,128201,0.007793
openmp,500k,1,3,500000,1430473,128201,0.010025
mpi,500k,1,3,500000,1430473,128201,0.006074
openmp,500k,2,1,500000,1430473,128201,0.019373
mpi,500k,2,1,500000,1430473,128201,0.010424
openmp,500k,2,2,500000,1430473,128201,0.031712
mpi,500k,2,2,500000,1430473,128201,0.015305
openmp,500k,2,3,500000,1430473,128201,0.029873
mpi,500k,2,3,500000,1430473,128201,0.015201
openmp,500k,4,1,500000,1430473,128201,0.073538
mpi,500k,4,1,500000,1430473,128201,0.015687
openmp,500k,4,2,500000,1430473,128201,0.080843
mpi,500k,4,2,500000,1430473,128201,0.012274
openmp,500k,4,3,500000,1430473,128201,0.087515
mpi,500k,4,3,500000,1430473,128201,0.016169
openmp,500k,8,1,500000,1430473,128201,0.145181
mpi,500k,8,1,500000,1430473,128201,0.028859
openmp,500k,8,2,500000,1430473,128201,0.081612
mpi,500k,8,2,500000,1430473,128201,0.031424
openmp,500k,8,3,500000,1430473,128201,0.124456
mpi,500k,8,3,500000,1430473,128201,0.027049
openmp,full,1,1,875713,4563235,538959,0.066164
mpi,full,1,1,875713,4563235,538959,0.052262
openmp,full,1,2,875713,4563235,538959,0.073011
mpi,full,1,2,875713,4563235,538959,0.048647
openmp,full,1,3,875713,4563235,538959,0.096473
mpi,full,1,3,875713,4563235,538959,0.038791
openmp,full,2,1,875713,4563235,538959,0.128457
mpi,full,2,1,875713,4563235,538959,0.036649
openmp,full,2,2,875713,4563235,538959,0.118713
mpi,full,2,2,875713,4563235,538959,0.033698
openmp,full,2,3,875713,4563235,538959,0.125340
mpi,full,2,3,875713,4563235,538959,0.038378
openmp,full,4,1,875713,4563235,538959,0.271569
mpi,full,4,1,875713,4563235,538959,0.036556
openmp,full,4,2,875713,4563235,538959,0.296424
mpi,full,4,2,875713,4563235,538959,0.039106
openmp,full,4,3,875713,4563235,538959,0.329520
mpi,full,4,3,875713,4563235,538959,0.038880
openmp,full,8,1,875713,4563235,538959,0.633817
mpi,full,8,1,875713,4563235,538959,0.069342
openmp,full,8,2,875713,4563235,538959,0.673867
mpi,full,8,2,875713,4563235,538959,0.068062
openmp,full,8,3,875713,4563235,538959,0.621043
mpi,full,8,3,875713,4563235,538959,0.072057
